[
  {
    "metadataOutputVersion" : "3.0",
    "shortDescription" : "Reducing noise in an anime-style artwork",
    "outputSchema" : [
      {
        "hasShapeFlexibility" : "0",
        "isOptional" : "0",
        "dataType" : "Double",
        "formattedType" : "MultiArray (Double)",
        "shortDescription" : "Output image",
        "shape" : "[]",
        "name" : "conv7",
        "type" : "MultiArray"
      }
    ],
    "storagePrecision" : "Float32",
    "modelParameters" : [

    ],
    "author" : "Original paper: Chao Dong, Chen Change Loy, Kaiming He, Xiaoou Tang. Caffe implementation: lltcggie",
    "specificationVersion" : 1,
    "license" : "MIT",
    "computePrecision" : "Float16",
    "isUpdatable" : "0",
    "availability" : {
      "macOS" : "10.13",
      "tvOS" : "11.0",
      "visionOS" : "1.0",
      "watchOS" : "4.0",
      "iOS" : "11.0",
      "macCatalyst" : "11.0"
    },
    "modelType" : {
      "name" : "MLModelType_neuralNetwork"
    },
    "inputSchema" : [
      {
        "hasShapeFlexibility" : "0",
        "isOptional" : "0",
        "dataType" : "Double",
        "formattedType" : "MultiArray (Double 3 × 142 × 142)",
        "shortDescription" : "Input image",
        "shape" : "[3, 142, 142]",
        "name" : "input",
        "type" : "MultiArray"
      }
    ],
    "userDefinedMetadata" : {

    },
    "generatedClassName" : "anime_noise3_model",
    "neuralNetworkLayerTypeHistogram" : {
      "ActivationLeakyReLU" : 6,
      "Convolution" : 7
    },
    "method" : "predict"
  }
]